<?xml version="1.0" encoding="UTF-8" ?>
<!DOCTYPE mapper PUBLIC "-//mybatis.org//DTD Mapper 3.0//EN" "http://mybatis.org/dtd/mybatis-3-mapper.dtd" >
<mapper namespace="sinosoft.project.dao.ProductManageMapper" >
  <resultMap id="BaseResultMap" type="sinosoft.project.entity.ProductManage" >
    <id column="ID" property="id" jdbcType="VARCHAR" />
    <result column="INSURANCE_CODE" property="insuranceCode" jdbcType="VARCHAR" />
    <result column="INSURANCE_NAME" property="insuranceName" jdbcType="VARCHAR" />
    <result column="BUSINESSTYPENO" property="businessTypeNo" jdbcType="VARCHAR" />
    <result column="PRODUCT_NAME" property="productName" jdbcType="VARCHAR" />
    <result column="PRODUCT_TYPE" property="productType" jdbcType="VARCHAR" />
    <result column="GUARANTEE_PERIOD" property="guaranteePeriod" jdbcType="VARCHAR" />
    <result column="STATE" property="state" jdbcType="VARCHAR" />
    <result column="OPERATER" property="operater" jdbcType="VARCHAR" />
    <result column="OPERATION_TIME" property="operationTime" jdbcType="TIMESTAMP" />
    <result column="MODIFIER" property="modifier" jdbcType="VARCHAR" />
    <result column="MODIFY_TIME" property="modifyTime" jdbcType="TIMESTAMP" />
    <result column="P1" property="p1" jdbcType="VARCHAR" />
    <result column="P2" property="p2" jdbcType="VARCHAR" />
    <result column="P3" property="p3" jdbcType="VARCHAR" />
    <result column="P4" property="p4" jdbcType="VARCHAR" />
    <result column="P5" property="p5" jdbcType="TIMESTAMP" />
    <result column="P6" property="p6" jdbcType="TIMESTAMP" />
    <result column="P7" property="p7" jdbcType="VARCHAR" />
    <result column="ISHEALTHYPRODUCT" property="ishealthyproduct" jdbcType="VARCHAR" />
    <result column="ISDEATHCONDITION" property="isdeathcondiction" jdbcType="VARCHAR" />
    <result column="RELEASE_TIME" property="releaseTime" jdbcType="TIMESTAMP" />
    <result column="BUSINESS_TYPE" property="businessType" jdbcType="VARCHAR" /> 
    <result column="PRODUCT_CODE" property="productCode" jdbcType="VARCHAR" />
    <result column="PRODUCT_RISK_LEVELS" property="productRiskLevels" jdbcType="VARCHAR" />
    <result column="PRODUCT_TERM" property="productTerm" jdbcType="VARCHAR" />
    <result column="COMPANY_NAME" property="companyName" jdbcType="VARCHAR" />
    <result column="GREAT_NUMBER_LIMIT" property="greatNumberLimit" jdbcType="VARCHAR" />
    <result column="SALE_TIME" property="saleTime" jdbcType="TIMESTAMP" />
    <result column="STOP_TIME" property="stopTime" jdbcType="TIMESTAMP" />
	<result column="BUSINESS_TYPE_NAME" property="businessTypeName" jdbcType="VARCHAR" />
	<result column="PRODUCT_TYPE_CODE" property="productTypeCode" jdbcType="VARCHAR" />
	<result column="PRODUCT_TYPE_NAME" property="productTypeName" jdbcType="VARCHAR" />
	<result column="RELEASE_OPERATOR" property="releaseOperator" jdbcType="VARCHAR" />	
	<result column="ISADVANCEDAGE" property="isAdvancedAge" jdbcType="VARCHAR" />	
  </resultMap>
  <sql id="Base_Column_List" >
    ID, INSURANCE_CODE, INSURANCE_NAME, BUSINESSTYPENO, PRODUCT_TYPE, GUARANTEE_PERIOD, 
    STATE,RELEASE_TIME, OPERATER, OPERATION_TIME, MODIFIER, MODIFY_TIME, P1, P2, P3, P4, P5, P6, P7,ISHEALTHYPRODUCT,
    ISDEATHCONDITION,PRODUCT_CODE,PRODUCT_NAME,PRODUCT_RISK_LEVELS,PRODUCT_TERM,COMPANY_NAME,GREAT_NUMBER_LIMIT,
    SALE_TIME,STOP_TIME,BUSINESS_TYPE_NAME,PRODUCT_TYPE_CODE,PRODUCT_TYPE_NAME,RELEASE_OPERATOR
  </sql> 
  <select id="selectproductManage" resultMap="BaseResultMap" parameterType="java.lang.String" >
    select 
    <include refid="Base_Column_List" />
    from es_product_manage
    where ID = #{0}
   and OPERATER = #{1}
  </select>
    <select id="selectproductManage1" resultMap="BaseResultMap" parameterType="java.lang.String" >
    select 
    <include refid="Base_Column_List" />
    from es_product_manage
    where ID = #{0}
  </select>
    <select id="selectAll" resultMap="BaseResultMap"  >
    select 
    EPM.PRODUCT_CODE,EPM.PRODUCT_NAME,EPM.BUSINESSTYPENO
    from es_product_manage epm
    where EPM.STATE='1'
  </select>
  <select id="selectProduct1" resultType="java.lang.Integer" parameterType="java.lang.String" >
   select count(0) from es_product_manage epm
    where epm.PRODUCT_TYPE_CODE=#{0} and epm.state='1'
  </select>
  <select id="selectById" resultMap="BaseResultMap" parameterType="java.lang.String" >
    select 
    <include refid="Base_Column_List" />
    from es_product_manage
    where PRODUCT_TYPE = #{risktypeid,jdbcType=VARCHAR}
  </select>
   <select id="selectByRiskCode" resultMap="BaseResultMap" parameterType="java.lang.String" >
    select 
    <include refid="Base_Column_List" />,RELEASE_TIME releasetime
    from es_product_manage
    where INSURANCE_CODE = #{code,jdbcType=VARCHAR}
  </select>
  <select id="getProductState" resultType="java.lang.String" parameterType="java.lang.String" >
    select STATE from es_product_manage where ID = #{0}
  </select>
  <select id="selectByPrimaryKey" resultType="sinosoft.project.entity.ProductManage" parameterType="java.lang.String" >
    select 
    ID id,  BUSINESSTYPENO businessTypeNo,
    PRODUCT_TYPE productType, RELEASE_OPERATOR releaseOperator,
    STATE state,RELEASE_TIME releaseTime, OPERATER operater, OPERATION_TIME operationTime, MODIFIER modifier, MODIFY_TIME modifyTime,
    ISHEALTHYPRODUCT ishealthyproduct,ISDEATHCONDITION isdeathcondiction,
    ISADVANCEDAGE isAdvancedAge,
    PRODUCT_CODE productCode,PRODUCT_NAME productName,PRODUCT_RISK_LEVELS productRiskLevels,
    PRODUCT_TERM productTerm,COMPANY_NAME companyName,GREAT_NUMBER_LIMIT greatNumberLimit,SALE_TIME saleTime,STOP_TIME stopTime,
    (select  BUSINESSTYPE FROM LD_BUSINESS ld WHERE ld.BUSINESSTYPENO = es.BUSINESSTYPENO and ld.salestatus!='3') businessTypeName,PRODUCT_TYPE_CODE productTypeCode,
    (select  RISKTYPENAME FROM ES_RISKTYPE rt WHERE rt.RISKTYPEID = es.PRODUCT_TYPE_CODE and rt.ACTIVATION_STATE!='3') productTypeName
    from es_product_manage es
    where ID = #{id,jdbcType=VARCHAR}
  </select>
  <select id="selectByRiskType" resultMap="BaseResultMap" parameterType="map">
  		select 
  		<include refid="Base_Column_List" />
  		from es_product_manage
    	where 1=1 
    	and STATE !='3'
    	and PRODUCT_TYPE =#{productManage.risktypename}
	</select>
	  <select id="selectByRiskType1" resultMap="BaseResultMap" parameterType="java.lang.String">
  		select 
  		<include refid="Base_Column_List" />
  		from es_product_manage
    	where 1=1 
    	and STATE !='3'
    	and PRODUCT_TYPE_CODE =#{0}
	</select>
	  <select id="selectByRiskType2" resultMap="BaseResultMap" parameterType="java.lang.String">
  		select 
  		<include refid="Base_Column_List" />
  		from es_product_manage
    	where 1=1 
    	and STATE ='1'
    	and PRODUCT_TYPE_CODE =#{0}
	</select>
	<select id="selectByCode" resultMap="BaseResultMap" parameterType="java.lang.String">
  		select 
  		<include refid="Base_Column_List" />
  		from es_product_manage
    	where 1=1 
    	and PRODUCT_CODE=#{0}
    	<if test="id !=null and id!=''">
    	and id !=#{id}
    	</if>
    	and STATE !='3'
	</select>
	<select id="getProductManageForRelease" resultType="java.lang.Integer"  parameterType="java.lang.String" >
    select count(ID) from es_product_manage
    where ID in (${id}) and STATE='1'
  </select>
  <select id="getProductManageForCancelRelease" resultType="java.lang.Integer"  parameterType="java.lang.String" >
    select count(ID) from es_product_manage
    where ID in (${id}) and STATE in ('0','2')
  </select>
	<select id="selectProduct" resultMap="BaseResultMap" parameterType="map">
  		
  		select 
  		ID, BUSINESSTYPENO, PRODUCT_TYPE, PRODUCT_CODE, PRODUCT_NAME, STATE, PRODUCT_RISK_LEVELS,RELEASE_OPERATOR,
    	PRODUCT_TERM, COMPANY_NAME, GREAT_NUMBER_LIMIT, SALE_TIME, OPERATER, OPERATION_TIME, RELEASE_TIME,
    	(select nvl(BUSINESSTYPE,'业务类型已删除') BUSINESSTYPE FROM LD_BUSINESS ld WHERE ld.BUSINESSTYPENO = es.BUSINESSTYPENO and LD.salestatus!='3') BUSINESS_TYPE_NAME, PRODUCT_TYPE_CODE, 
		(select nvl(RISKTYPENAME,'产品类型已删除')RISKTYPENAME FROM ES_RISKTYPE rt WHERE rt.RISKTYPECODE = es.PRODUCT_TYPE_CODE and rt.activation_state!='3') PRODUCT_TYPE_NAME,ISADVANCEDAGE
    	from es_product_manage es
    	where 1=1  and STATE !='3' 
	<if test = "productManage.businessTypeNo !=null and productManage.businessTypeNo != ''">
		AND BUSINESSTYPENO LIKE '%'||#{productManage.businessTypeNo}||'%' 
	</if>
	<if test = "productManage.productTypeCode !=null and productManage.productTypeCode != ''">
		AND PRODUCT_TYPE_CODE LIKE '%'||#{productManage.productTypeCode}||'%' 
	</if>
	<if test = "productManage.state !=null and productManage.state != ''">
		AND STATE =#{productManage.state} 
	</if>
	order by PRODUCT_CODE
	</select>	
	<select id="selectProduct2" resultMap="BaseResultMap" parameterType="map">
  		select 
  		ID, BUSINESSTYPENO, PRODUCT_TYPE, PRODUCT_CODE, PRODUCT_NAME, STATE, PRODUCT_RISK_LEVELS,RELEASE_OPERATOR,
    	PRODUCT_TERM, COMPANY_NAME, GREAT_NUMBER_LIMIT, SALE_TIME, OPERATER, OPERATION_TIME, RELEASE_TIME,
    	(select NVL(BUSINESSTYPE,'业务类型已删除')BUSINESSTYPE FROM LD_BUSINESS ld WHERE ld.BUSINESSTYPENO = es.BUSINESSTYPENO and LD.SALESTATUS!='3') BUSINESS_TYPE_NAME, PRODUCT_TYPE_CODE, 
		(select NVL(RISKTYPENAME,'产品类型已删除') FROM ES_RISKTYPE rt WHERE rt.RISKTYPECODE = es.PRODUCT_TYPE_CODE and RT.ACTIVATION_STATE!='3' ) PRODUCT_TYPE_NAME
    	from es_product_manage es
    	where 1=1  and STATE ='1'
	<if test = "productManage.businessTypeNo !=null and productManage.businessTypeNo != ''">
		AND BUSINESSTYPENO LIKE '%'||#{productManage.businessTypeNo}||'%' 
	</if>
	<if test = "productManage.productTypeCode !=null and productManage.productTypeCode != ''">
		AND PRODUCT_TYPE_CODE LIKE '%'||#{productManage.productTypeCode}||'%' 
	</if>
	order by PRODUCT_CODE
	</select>	
	<select id="selectProduct3" resultMap="BaseResultMap" parameterType="map">
    	select 
  		ID, BUSINESSTYPENO, PRODUCT_TYPE, PRODUCT_CODE, PRODUCT_NAME, STATE, PRODUCT_RISK_LEVELS,RELEASE_OPERATOR,
    	PRODUCT_TERM, COMPANY_NAME, GREAT_NUMBER_LIMIT, SALE_TIME, OPERATER, OPERATION_TIME, RELEASE_TIME,
    	(select NVL(BUSINESSTYPE,'业务类型已删除')BUSINESSTYPE FROM LD_BUSINESS ld WHERE ld.BUSINESSTYPENO = es.BUSINESSTYPENO and LD.SALESTATUS!='3') BUSINESS_TYPE_NAME, PRODUCT_TYPE_CODE, 
		(select NVL(RISKTYPENAME,'产品类型已删除')RISKTYPENAME FROM ES_RISKTYPE rt WHERE rt.RISKTYPECODE = es.PRODUCT_TYPE_CODE and RT.ACTIVATION_STATE!='3' ) PRODUCT_TYPE_NAME
    	from es_product_manage es
    	where 1=1  and STATE ='1'
	<if test = "productManage.productTypeCode !=null and productManage.productTypeCode != ''">
		AND PRODUCT_TYPE_CODE=#{productManage.productTypeCode}
	</if>
	order by PRODUCT_CODE
	</select>	
  <select id="selectByFilter" resultMap="BaseResultMap" parameterType="map">
  		select (select es.risktypename from es_risktype es where es.risktypeid=e.PRODUCT_TYPE_CODE and es.ACTIVATION_STATE!='3') risktypename,
  		 ID,  PRODUCT_TYPE, GUARANTEE_PERIOD, 
    	STATE, OPERATER, OPERATION_TIME, MODIFIER, MODIFY_TIME,ISHEALTHYPRODUCT,ISDEATHCONDITION,
    	BUSINESS_TYPE_NAME, PRODUCT_TYPE_CODE, PRODUCT_TYPE_NAME ,RELEASE_OPERATOR
    	from es_product_manage e 
    	where 1=1  
    	and STATE!='3'
    	and PRODUCT_TYPE_CODE=#{productTypeCode,jdbcType=VARCHAR}
		order by PRODUCT_TYPE_CODE
	</select>
  <delete id="deleteByPrimaryKey" parameterType="java.lang.String" >
    delete from es_product_manage
    where ID = #{id,jdbcType=VARCHAR}
  </delete>
  <insert id="insert" parameterType="sinosoft.project.entity.ProductManage" >
    insert into es_product_manage (ID, INSURANCE_CODE, INSURANCE_NAME, 
      INSURANCE_TYPE, PRODUCT_TYPE, GUARANTEE_PERIOD, 
      STATE, OPERATER, OPERATION_TIME, 
      MODIFIER, MODIFY_TIME, P1, 
      P2, P3, P4, P5, 
      P6, P7, BUSINESS_TYPE,RELEASE_OPERATOR)
    values (#{id,jdbcType=VARCHAR}, #{insuranceCode,jdbcType=VARCHAR}, #{insuranceName,jdbcType=VARCHAR}, 
      #{insuranceType,jdbcType=VARCHAR}, #{productType,jdbcType=VARCHAR}, #{guaranteePeriod,jdbcType=VARCHAR}, 
      #{state,jdbcType=VARCHAR}, #{operater,jdbcType=VARCHAR}, #{operationTime,jdbcType=TIMESTAMP}, 
      #{modifier,jdbcType=VARCHAR}, #{modifyTime,jdbcType=TIMESTAMP}, #{p1,jdbcType=VARCHAR}, 
      #{p2,jdbcType=VARCHAR}, #{p3,jdbcType=VARCHAR}, #{p4,jdbcType=VARCHAR}, #{p5,jdbcType=TIMESTAMP}, 
      #{p6,jdbcType=TIMESTAMP}, #{p7,jdbcType=VARCHAR}, #{BUSINESS_TYPE,jdbcType=VARCHAR},#{releaseOperator,jdbcType=VARCHAR})
  </insert>
   <insert id="insertSelective" parameterType="sinosoft.project.entity.ProductManage" >
    insert into es_product_manage
    <trim prefix="(" suffix=")" suffixOverrides="," >
      <if test="id != null" >
        ID,
      </if>
      <if test="insuranceCode != null" >
        INSURANCE_CODE,
      </if>
      <if test="insuranceName != null" >
        INSURANCE_NAME,
      </if>
      <if test="businessTypeNo != null" >
        BUSINESSTYPENO,
      </if>
      <if test="productType != null" >
        PRODUCT_TYPE,
      </if>
      <if test="guaranteePeriod != null" >
        GUARANTEE_PERIOD,
      </if>
      <if test="state != null" >
        STATE,
      </if>
      <if test="operater != null" >
        OPERATER,
      </if>
      <if test="operationTime != null" >
        OPERATION_TIME,
      </if>
      <if test="modifier != null" >
        MODIFIER,
      </if>
      <if test="modifyTime != null" >
        MODIFY_TIME,
      </if>
      <if test="p1 != null" >
        P1,
      </if>
      <if test="p2 != null" >
        P2,
      </if>
      <if test="p3 != null" >
        P3,
      </if>
      <if test="p4 != null" >
        P4,
      </if>
      <if test="p5 != null" >
        P5,
      </if>
      <if test="p6 != null" >
        P6,
      </if>
      <if test="p7 != null" >
        P7,
      </if>
      <if test="ishealthyproduct != null" >
        ISHEALTHYPRODUCT,
      </if>
      <if test="isdeathcondiction != null" >
        ISDEATHCONDITION,
      </if> 
      <if test="releaseTime != null" >
        RELEASE_TIME,
      </if>
      <if test="productCode != null" >
        PRODUCT_CODE,
      </if>
      <if test="productName != null" >
        PRODUCT_NAME,
      </if>
      <if test="productRiskLevels != null" >
        PRODUCT_RISK_LEVELS,
      </if>
      <if test="productTerm != null" >
        PRODUCT_TERM,
      </if>
      <if test="companyName != null" >
        COMPANY_NAME,
      </if>
      <if test="greatNumberLimit != null" >
        GREAT_NUMBER_LIMIT,
      </if>
      <if test="saleTime != null" >
        SALE_TIME,
      </if>    
      <if test="stopTime != null" >
        STOP_TIME,
      </if>    
      <if test="businessTypeName != null" >
       BUSINESS_TYPE_NAME,
      </if>    
      <if test="productTypeCode != null" >
        PRODUCT_TYPE_CODE,
      </if>    
      <if test="productTypeName != null" >
       PRODUCT_TYPE_NAME,
      </if>   
       <if test="releaseOperator != null" >
       RELEASE_OPERATOR,
      </if>  
       <if test="isAdvancedAge != null" >
       ISADVANCEDAGE,
      </if>  
    </trim>
    <trim prefix="values (" suffix=")" suffixOverrides="," >
      <if test="id != null" >
        #{id,jdbcType=VARCHAR},
      </if>
      <if test="insuranceCode != null" >
        #{insuranceCode,jdbcType=VARCHAR},
      </if>
      <if test="insuranceName != null" >
        #{insuranceName,jdbcType=VARCHAR},
      </if>
      <if test="businessTypeNo != null" >
        #{businessTypeNo,jdbcType=VARCHAR},
      </if>
      <if test="productType != null" >
        #{productType,jdbcType=VARCHAR},
      </if>
      <if test="guaranteePeriod != null" >
        #{guaranteePeriod,jdbcType=VARCHAR},
      </if>
      <if test="state != null" >
        #{state,jdbcType=VARCHAR},
      </if>
      <if test="operater != null" >
        #{operater,jdbcType=VARCHAR},
      </if>
      <if test="operationTime != null" >
        #{operationTime,jdbcType=TIMESTAMP},
      </if>
      <if test="modifier != null" >
        #{modifier,jdbcType=VARCHAR},
      </if>
      <if test="modifyTime != null" >
        #{modifyTime,jdbcType=TIMESTAMP},
      </if>
      <if test="p1 != null" >
        #{p1,jdbcType=VARCHAR},
      </if>
      <if test="p2 != null" >
        #{p2,jdbcType=VARCHAR},
      </if>
      <if test="p3 != null" >
        #{p3,jdbcType=VARCHAR},
      </if>
      <if test="p4 != null" >
        #{p4,jdbcType=VARCHAR},
      </if>
      <if test="p5 != null" >
        #{p5,jdbcType=TIMESTAMP},
      </if>
      <if test="p6 != null" >
        #{p6,jdbcType=TIMESTAMP},
      </if>
      <if test="p7 != null" >
        #{p7,jdbcType=VARCHAR},
      </if>
      <if test="ishealthyproduct != null" >
        #{ishealthyproduct,jdbcType=VARCHAR},
      </if>
      <if test="isdeathcondiction != null" >
        #{isdeathcondiction,jdbcType=VARCHAR},
      </if>
      <if test="releaseTime != null" >
        #{releaseTime,jdbcType=TIMESTAMP},
      </if> 
       <if test="productCode != null" >
        #{productCode,jdbcType=VARCHAR},
      </if>
      <if test="productName != null" >
         #{productName,jdbcType=VARCHAR},
      </if>
      <if test="productRiskLevels != null" >
        #{productRiskLevels,jdbcType=VARCHAR},
      </if>
      <if test="productTerm != null" >
       #{productTerm,jdbcType=VARCHAR},
      </if>
      <if test="companyName != null" >
        #{companyName,jdbcType=VARCHAR},
      </if>
      <if test="greatNumberLimit != null" >
         #{greatNumberLimit,jdbcType=VARCHAR},
      </if>
      <if test="saleTime != null" >
        #{saleTime,jdbcType=TIMESTAMP},
      </if>    
      <if test="stopTime != null" >
        #{stopTime,jdbcType=TIMESTAMP},
      </if>    
      <if test="businessTypeName != null" >
        #{businessTypeName,jdbcType=VARCHAR},
      </if>    
      <if test="productTypeCode != null" >
        #{productTypeCode,jdbcType=VARCHAR},
      </if>    
      <if test="productTypeName != null" >
        #{productTypeName,jdbcType=VARCHAR},
      </if>    
     <if test="releaseOperator != null" >
      #{releaseOperator,jdbcType=VARCHAR},
      </if> 
     <if test="isAdvancedAge != null" >
      #{isAdvancedAge,jdbcType=VARCHAR},
      </if> 
    </trim>
  </insert>
     <update id="updateByPrimaryKeySelective" parameterType="sinosoft.project.entity.ProductManage" >
     update es_product_manage 
    <set >   	
    	<if test="releaseTime != null" >
        RELEASE_TIME = #{releaseTime,jdbcType=TIMESTAMP},
      </if>
      <if test="insuranceCode != null" >
        INSURANCE_CODE = #{insuranceCode,jdbcType=VARCHAR},
      </if>
      <if test="insuranceName != null" >
        INSURANCE_NAME = #{insuranceName,jdbcType=VARCHAR},
      </if>
      <if test="businessTypeNo != null" >
        BUSINESSTYPENO = #{businessTypeNo,jdbcType=VARCHAR},
      </if>
      <if test="productType != null" >
        PRODUCT_TYPE = #{productType,jdbcType=VARCHAR},
      </if>
      <if test="guaranteePeriod != null" >
        GUARANTEE_PERIOD = #{guaranteePeriod,jdbcType=VARCHAR},
      </if>
      <if test="state != null" >
        STATE = #{state,jdbcType=VARCHAR},
      </if>
      <if test="operater != null" >
        OPERATER = #{operater,jdbcType=VARCHAR},
      </if>
      <if test="operationTime != null" >
        OPERATION_TIME = #{operationTime,jdbcType=TIMESTAMP},
      </if>
      <if test="modifier != null" >
        MODIFIER = #{modifier,jdbcType=VARCHAR},
      </if>
      <if test="modifyTime != null" >
        MODIFY_TIME = #{modifyTime,jdbcType=TIMESTAMP},
      </if>
      <if test="p1 != null" >
        P1 = #{p1,jdbcType=VARCHAR},
      </if>
      <if test="p2 != null" >
        P2 = #{p2,jdbcType=VARCHAR},
      </if>
      <if test="p3 != null" >
        P3 = #{p3,jdbcType=VARCHAR},
      </if>
      <if test="p4 != null" >
        P4 = #{p4,jdbcType=VARCHAR},
      </if>
      <if test="p5 != null" >
        P5 = #{p5,jdbcType=TIMESTAMP},
      </if>
      <if test="p6 != null" >
        P6 = #{p6,jdbcType=TIMESTAMP},
      </if>
      <if test="p7 != null" >
        P7 = #{p7,jdbcType=VARCHAR},
      </if>
       <if test="ishealthyproduct != null" >
        ISHEALTHYPRODUCT = #{ishealthyproduct,jdbcType=VARCHAR},
      </if>
       <if test="isdeathcondiction != null" >
        ISDEATHCONDITION = #{isdeathcondiction,jdbcType=VARCHAR},
      </if>
      <if test="productCode != null" >
       PRODUCT_CODE = #{productCode,jdbcType=VARCHAR},
      </if>
      <if test="productName != null" >
        PRODUCT_NAME = #{productName,jdbcType=VARCHAR},
      </if>
      <if test="productRiskLevels != null" >
       PRODUCT_RISK_LEVELS = #{productRiskLevels,jdbcType=VARCHAR},
      </if>
      <if test="productTerm != null" >
      PRODUCT_TERM = #{productTerm,jdbcType=VARCHAR},
      </if>
      <if test="companyName != null" >
      COMPANY_NAME = #{companyName,jdbcType=VARCHAR},
      </if>
      <if test="greatNumberLimit != null" >
      GREAT_NUMBER_LIMIT = #{greatNumberLimit,jdbcType=VARCHAR},
      </if>
      <if test="saleTime != null" >
      SALE_TIME = #{saleTime,jdbcType=TIMESTAMP},
      </if>  
      <if test="stopTime != null" >
      STOP_TIME = #{stopTime,jdbcType=TIMESTAMP},
      </if>  
      <if test="businessTypeName != null" >
      BUSINESS_TYPE_NAME = #{businessTypeName,jdbcType=VARCHAR},
      </if>  
      <if test="productTypeCode != null" >
      PRODUCT_TYPE_CODE = #{productTypeCode,jdbcType=VARCHAR},
      </if>  
      <if test="productTypeName != null" >
      PRODUCT_TYPE_NAME = #{productTypeName,jdbcType=VARCHAR},
      </if> 
       <if test="releaseOperator != null" >
      RELEASE_OPERATOR=#{releaseOperator,jdbcType=VARCHAR},
      </if>  
       <if test="isAdvancedAge != null" >
      ISADVANCEDAGE=#{isAdvancedAge,jdbcType=VARCHAR},
      </if>  
    </set>
    where ID = #{id,jdbcType=VARCHAR}
  </update>
  <update id="updateByPrimaryKey" parameterType="sinosoft.project.entity.ProductManage" >
    update es_product_manage
    set INSURANCE_CODE = #{insuranceCode,jdbcType=VARCHAR},
      INSURANCE_NAME = #{insuranceName,jdbcType=VARCHAR},
      INSURANCE_TYPE = #{insuranceType,jdbcType=VARCHAR},
      PRODUCT_TYPE = #{productType,jdbcType=VARCHAR},
      GUARANTEE_PERIOD = #{guaranteePeriod,jdbcType=VARCHAR},
      STATE = #{state,jdbcType=VARCHAR},
      OPERATER = #{operater,jdbcType=VARCHAR},
      OPERATION_TIME = #{operationTime,jdbcType=TIMESTAMP},
      MODIFIER = #{modifier,jdbcType=VARCHAR},
      MODIFY_TIME = #{modifyTime,jdbcType=TIMESTAMP},
      BUSINESS_TYPE = #{business_type,jdbcType=TIMESTAMP},
      P1 = #{p1,jdbcType=VARCHAR},
      P2 = #{p2,jdbcType=VARCHAR},
      P3 = #{p3,jdbcType=VARCHAR},
      P4 = #{p4,jdbcType=VARCHAR},
      P5 = #{p5,jdbcType=TIMESTAMP},
      P6 = #{p6,jdbcType=TIMESTAMP},
      P7 = #{p7,jdbcType=VARCHAR},
      RELEASE_OPERATOR=#{releaseOperator,jdbcType=VARCHAR},
      ISADVANCEDAGE=#{isAdvancedAge,jdbcType=VARCHAR}
      
    where ID = #{id,jdbcType=VARCHAR}
  </update>
   <update id="updateByProductManageToCancelRelease" parameterType="sinosoft.project.entity.ProductManage" >
     update es_product_manage 
    <set >   	
    	<if test="releaseTime != null" >
        RELEASE_TIME = #{releaseTime,jdbcType=TIMESTAMP},
      </if>
      <if test="insuranceCode != null" >
        INSURANCE_CODE = #{insuranceCode,jdbcType=VARCHAR},
      </if>
      <if test="insuranceName != null" >
        INSURANCE_NAME = #{insuranceName,jdbcType=VARCHAR},
      </if>
      <if test="businessTypeNo != null" >
        BUSINESSTYPENO = #{businessTypeNo,jdbcType=VARCHAR},
      </if>
      <if test="productType != null" >
        PRODUCT_TYPE = #{productType,jdbcType=VARCHAR},
      </if>
      <if test="guaranteePeriod != null" >
        GUARANTEE_PERIOD = #{guaranteePeriod,jdbcType=VARCHAR},
      </if>
      <if test="state != null" >
        STATE = #{state,jdbcType=VARCHAR},
      </if>
      <if test="operater != null" >
        OPERATER = #{operater,jdbcType=VARCHAR},
      </if>
      <if test="operationTime != null" >
        OPERATION_TIME = #{operationTime,jdbcType=TIMESTAMP},
      </if>
      <if test="modifier != null" >
        MODIFIER = #{modifier,jdbcType=VARCHAR},
      </if>
      <if test="modifyTime != null" >
        MODIFY_TIME = #{modifyTime,jdbcType=TIMESTAMP},
      </if>
      <if test="p1 != null" >
        P1 = #{p1,jdbcType=VARCHAR},
      </if>
      <if test="p2 != null" >
        P2 = #{p2,jdbcType=VARCHAR},
      </if>
      <if test="p3 != null" >
        P3 = #{p3,jdbcType=VARCHAR},
      </if>
      <if test="p4 != null" >
        P4 = #{p4,jdbcType=VARCHAR},
      </if>
      <if test="p5 != null" >
        P5 = #{p5,jdbcType=TIMESTAMP},
      </if>
      <if test="p6 != null" >
        P6 = #{p6,jdbcType=TIMESTAMP},
      </if>
      <if test="p7 != null" >
        P7 = #{p7,jdbcType=VARCHAR},
      </if>
       <if test="ishealthyproduct != null" >
        ISHEALTHYPRODUCT = #{ishealthyproduct,jdbcType=VARCHAR},
      </if>
       <if test="isdeathcondiction != null" >
        ISDEATHCONDITION = #{isdeathcondiction,jdbcType=VARCHAR},
      </if>
      <if test="productCode != null" >
       PRODUCT_CODE = #{productCode,jdbcType=VARCHAR},
      </if>
      <if test="productName != null" >
        PRODUCT_NAME = #{productName,jdbcType=VARCHAR},
      </if>
      <if test="productRiskLevels != null" >
       PRODUCT_RISK_LEVELS = #{productRiskLevels,jdbcType=VARCHAR},
      </if>
      <if test="productTerm != null" >
      PRODUCT_TERM = #{productTerm,jdbcType=VARCHAR},
      </if>
      <if test="companyName != null" >
      COMPANY_NAME = #{companyName,jdbcType=VARCHAR},
      </if>
      <if test="greatNumberLimit != null" >
      GREAT_NUMBER_LIMIT = #{greatNumberLimit,jdbcType=VARCHAR},
      </if>
      <if test="saleTime != null" >
      SALE_TIME = #{saleTime,jdbcType=TIMESTAMP},
      </if>  
      <if test="stopTime != null" >
      STOP_TIME = #{stopTime,jdbcType=TIMESTAMP},
      </if>  
      <if test="businessTypeName != null" >
      BUSINESS_TYPE_NAME = #{businessTypeName,jdbcType=VARCHAR},
      </if>  
      <if test="productTypeCode != null" >
      PRODUCT_TYPE_CODE = #{productTypeCode,jdbcType=VARCHAR},
      </if>  
      <if test="productTypeName != null" >
      PRODUCT_TYPE_NAME = #{productTypeName,jdbcType=VARCHAR},
      </if>  
      <if test="releaseOperator != null" >
      RELEASE_OPERATOR=#{releaseOperator,jdbcType=VARCHAR},
      </if> 
      <if test="isAdvancedAge != null" >
      ISADVANCEDAGE=#{isAdvancedAge,jdbcType=VARCHAR},
      </if> 
    </set>
    where ID = #{id,jdbcType=VARCHAR}
  </update>
  <select id="selectProductsByDocid" resultType="sinosoft.project.entity.ProductManage" parameterType="java.lang.String" >
  
    SELECT
	BUSINESSTYPENAME businessTypeName,
	PRODUCTNAME productName,
	PRODUCTCODE productCode,
	INVESTMENT investment,
	PRODUCTRISKLEVELS productRiskLevels,
	COMPANYNAME companyName
	<!-- nvl((
		SELECT	
				COMPANY_NAME
		FROM
			es_product_manage es
		WHERE
			ES.PRODUCT_CODE = PRODUCTCODE
		AND STATE != '3'
	),'产品已删除产品公司信息无')companyName,
	nvl((
		SELECT
				PRODUCT_RISK_LEVELS		
		FROM
			es_product_manage es
		WHERE
			ES.PRODUCT_CODE = PRODUCTCODE
		AND STATE != '3'
	),'产品已删除风险等级信息无') productRiskLevels -->
FROM
	ES_VIDEO_PRODUCTS where DOCID=#{1}
	UNION ALL
	 SELECT
	BUSINESSTYPENAME businessTypeName,
	PRODUCTNAME productName,
	PRODUCTCODE productCode,
	INVESTMENT investment,
	PRODUCTRISKLEVELS productRiskLevels,
	COMPANYNAME companyName
	<!-- nvl((
		SELECT	
				COMPANY_NAME
		FROM
			es_product_manage es
		WHERE
			ES.PRODUCT_CODE = PRODUCTCODE
		AND STATE != '3'
	),'产品已删除产品公司信息无')companyName,
	nvl((
		SELECT
				PRODUCT_RISK_LEVELS		
		FROM
			es_product_manage es
		WHERE
			ES.PRODUCT_CODE = PRODUCTCODE
		AND STATE != '3'
	),'产品已删除风险等级信息无') productRiskLevels -->
FROM
	ES_VIDEO_PRODUCTS_his where DOCID=#{1}
  </select>
   <select id="getRiskTypeCodeList" resultType="sinosoft.framework.core.beans.DictVo"  parameterType="java.lang.String" >
	select e.risktypecode value,e.risktypename text from es_risktype e where   activation_state = '1' and businesstypeno = #{businessType, jdbcType = VARCHAR}
  </select>

  <select id="selectProductTalkIdByroductIdlist" parameterType="java.util.List" resultType="java.lang.String">
    select distinct t1.id from ld_point_describe t1 left join es_product_manage t2 on t1.producttype_code = t2.product_type_code where  t1.activationstate = '1'
    and  t2.state = '1'  and t2.id in
    <foreach item="key" index="index" collection="list" open="(" separator="," close=")">
      #{key,jdbcType=VARCHAR}
    </foreach>
  </select>
  <select id="selectProductTalkIdByroductIdlist2" parameterType="java.util.List" resultType="java.lang.String">
    select distinct t1.id from ld_point_describe t1 left join es_product_manage t2 on t1.risktypecode = t2.product_code where
     t2.state = '2'  and t2.id in
    <foreach item="key" index="index" collection="list" open="(" separator="," close=")">
      #{key,jdbcType=VARCHAR}
    </foreach>
  </select>
  <select id="getProductTypeCountByproductManage" resultType="int" parameterType="java.lang.String">
    select count(1) from ES_PRODUCT_MANAGE t where t.PRODUCT_TYPE_CODE = #{productTypeCode,jdbcType=VARCHAR} and t.state = '1'
  </select>
</mapper>